Forward kmer,level_mean,level_stdv,sd_mean,sd_tdv,weight
TCGAGG,81.941412,2.412907,1.550535,1.154692,704.47709
CGAGGA,79.397349,1.358207,1.019569,0.709071,1063.523996
GAGGAG,75.957702,1.833456,1.156613,0.765516,456.749461
AGGAGA,70.554305,1.861102,1.298559,0.932971,907.241171
GGAGAG,75.371598,1.417762,1.030671,0.738493,800.727956
GAGAGT,73.673462,1.828542,1.122434,0.77195,598.958553
AGAGTA,72.649884,1.457057,0.949525,0.634017,718.482378
GAGTAG,74.134501,2.04805,1.686507,1.555903,379.620813
AGTAGG,104.33295,2.779656,2.177466,1.747551,314.595832
GTAGGA,88.566346,2.340315,1.577891,1.282946,251.792334
TAGGAC,74.6277,1.833456,1.893731,1.603798,126.72366
AGGACC,60.088583,2.325889,1.920557,1.534569,267.101617
GGACCG,77.471069,2.1972,1.942286,1.991025,614.259158
GACCGG,104.32265,1.90443,1.589454,1.3769,1282.137047
ACCGGA,98.802688,1.748125,1.359117,1.151661,2028.473506
CCGGAT,80.910356,2.441716,2.020367,1.68005,2170.294747
CGGATC,60.534027,1.922772,1.615566,1.285078,1498.771928