Reverse kmer,level_mean,level_stdv,sd_mean,sd_tdv,weight
GATCCG,116.788328,3.047684,2.636776,2.700827,1468.957593
ATCCGG,101.865985,1.827966,1.430105,1.183288,2643.811724
TCCGGT,95.720743,1.748125,1.444353,1.261681,1988.780715
CCGGTC,74.951301,2.460963,1.905551,1.641617,1278.669276
CGGTCC,66.376424,2.69199,2.296648,2.596301,686.503037
GGTCCT,109.783796,2.926713,2.301551,2.246827,330.993243
GTCCTA,97.260943,1.915015,1.149668,0.875779,110.653249
TCCTAC,94.126961,1.774084,1.18901,0.890463,289.671764
CCTACT,108.177535,2.582529,1.852403,1.415598,325.274693
CTACTC,90.111452,1.521743,1.188732,0.903963,448.93627
TACTCT,92.117507,1.861358,1.597318,1.447856,629.053231
ACTCTC,111.732901,2.722041,1.999105,1.728463,739.577526
CTCTCC,92.081226,2.329145,2.045377,1.997022,942.318952
TCTCCT,113.067556,2.470406,1.904869,1.620316,967.539411
CTCCTC,97.16174,1.915015,1.547824,1.368101,479.343759
TCCTCG,90.303811,2.162105,1.522329,1.3039,1001.259925
CCTCGA,117.136666,2.498912,2.039128,1.796599,757.310639